A New Edition of JAMA is Available (bioethicscom),http://news.feedzilla.com/en_us/stories/science/421904245?client_source=api&format=json,"JAMA (Volume 313, No. 4, January 2015) is now available online by subscription
only. Articles include: ""Ethical Testing of Experimental Ebola Treatments"" by
Morenike Oluwatoyin Folayan, et al. ""Ethical Testing of Experimental Ebola
Treatments"" by Steve Kanters, et al. ""Ethical Testing … Read More

"
"Apple Patent Could Have ""Broad Ramifications"" For VR Headsets",http://rss.slashdot.org/~r/Slashdot/slashdot/~3/86nQnBr0CsY/story01.htm,"An anonymous reader writes Filed in 2008, published in 2013, and legally granted to Apple this week, the company's patent for a 'Head-mounted display apparatus for retaining a portable electronic device with display' could have ""broad ramifications"" for mobile VR headsets like Samsung's Gear VR and Google Cardboard, says patent attorney Eric Greenbaum. ""This Apple HMD patent is significant. I would say it introduces potential litigation risks for companies that have or are planning to release a mobile device HMD,"" he said. ""There is no duty for Apple to make or sell an HMD. They can sit on this patent and use it strategically either by enforcing it against potential infringers, licensing it, or using it as leverage in forming strategic partnerships.""<p><div class=""share_submission"" style=""position:relative;""> <a class=""slashpop"" href=""http://twitter.com/home?status=Apple+Patent+Could+Have+%22Broad+Ramifications%22+For+VR+Headsets%3A+http%3A%2F%2Fbit.ly%2F1COqZkU""><img src=""http://a.fsdn.com/sd/twitter_icon_large.png""></a> <a class=""slashpop"" href=""http://www.facebook.com/sharer.php?u=http%3A%2F%2Fhardware.slashdot.org%2Fstory%2F15%2F02%2F19%2F1847207%2Fapple-patent-could-have-broad-ramifications-for-vr-headsets%3Futm_source%3Dslashdot%26utm_medium%3Dfacebook""><img src=""http://a.fsdn.com/sd/facebook_icon_large.png""></a> <a class=""nobg"" href=""http://plus.google.com/share?url=http://hardware.slashdot.org/story/15/02/19/1847207/apple-patent-could-have-broad-ramifications-for-vr-headsets?utm_source=slashdot&amp;utm_medium=googleplus"" onclick=""javascript:window.open(this.href,'', 'menubar=no,toolbar=no,resizable=yes,scrollbars=yes,height=600,width=600');return false;""><img src=""http://www.gstatic.com/images/icons/gplus-16.png"" alt=""Share on Google+""/></a> </div></p><p><a href=""http://hardware.slashdot.org/story/15/02/19/1847207/apple-patent-could-have-broad-ramifications-for-vr-headsets?utm_source=rss1.0moreanon&amp;utm_medium=feed"">Read more of this story</a> at Slashdot.</p><iframe src=""http://slashdot.org/slashdot-it.pl?op=discuss&amp;id=6989325&amp;smallembed=1"" style=""height: 300px; width: 100%; border: none;""></iframe><img width='1' height='1' src='http://slashdot.feedsportal.com/c/35028/f/647410/s/43909474/sc/5/mf.gif' border='0'/><br clear='all'/><br/><br/><a href=""http://da.feedsportal.com/r/218611922119/u/49/f/647410/c/35028/s/43909474/sc/5/rc/1/rc.htm"" rel=""nofollow""><img src=""http://da.feedsportal.com/r/218611922119/u/49/f/647410/c/35028/s/43909474/sc/5/rc/1/rc.img"" border=""0""/></a><br/><a href=""http://da.feedsportal.com/r/218611922119/u/49/f/647410/c/35028/s/43909474/sc/5/rc/2/rc.htm"" rel=""nofollow""><img src=""http://da.feedsportal.com/r/218611922119/u/49/f/647410/c/35028/s/43909474/sc/5/rc/2/rc.img"" border=""0""/></a><br/><a href=""http://da.feedsportal.com/r/218611922119/u/49/f/647410/c/35028/s/43909474/sc/5/rc/3/rc.htm"" rel=""nofollow""><img src=""http://da.feedsportal.com/r/218611922119/u/49/f/647410/c/35028/s/43909474/sc/5/rc/3/rc.img"" border=""0""/></a><br/><br/><a href=""http://da.feedsportal.com/r/218611922119/u/49/f/647410/c/35028/s/43909474/sc/5/a2.htm""><img src=""http://da.feedsportal.com/r/218611922119/u/49/f/647410/c/35028/s/43909474/sc/5/a2.img"" border=""0""/></a><img width=""1"" height=""1"" src=""http://pi.feedsportal.com/r/218611922119/u/49/f/647410/c/35028/s/43909474/sc/5/a2t.img"" border=""0""/><img src=""//feeds.feedburner.com/~r/Slashdot/slashdot/~4/86nQnBr0CsY"" height=""1"" width=""1"" alt=""""/>"
Ask Slashdot: How Could We Actually Detect an Alien Invasion From Outer Space?,http://rss.slashdot.org/~r/Slashdot/slashdot/~3/oY_5n3QIbro/story01.htm,"First time accepted submitter defiant.challenged writes As I was watching another sci-fi blockbuster about aliens wanting to harvest the life stock population on earth for their energy since we are such a robust species, I was wondering how likely and easy/difficult it would be currently to actually detect an outer space invasion (fleet). I am a firm believer that if we would be invaded, we would not stand a chance and would probably not even hit a single ship when it comes to fighting them. The aliens in the movie had the capability to space-jump right into our solar system and even very close to earth. My question is how good are we at the moment in detecting an alien ship/fleet that jumps into our solar system. Do we have radio dishes around the globe such that we can detect objects in space in all longitude and latitude degrees? I know we have dishes pointing to the skies but how far can they reach? Do we have blindspots perhaps on the poles? I also wonder if our current means, ie radio signals, are relatively easy to be compromised with our current stealth technology? To formulate it in more sci-fi terms, how large is our outer space detection grid, and what kind of time window can they give us?<p><div class=""share_submission"" style=""position:relative;""> <a class=""slashpop"" href=""http://twitter.com/home?status=Ask+Slashdot%3A+How+Could+We+Actually+Detect+an+Alien+Invasion+From+Outer+Space%3F%3A+http%3A%2F%2Fbit.ly%2F1FwRBKN""><img src=""http://a.fsdn.com/sd/twitter_icon_large.png""></a> <a class=""slashpop"" href=""http://www.facebook.com/sharer.php?u=http%3A%2F%2Fask.slashdot.org%2Fstory%2F15%2F02%2F19%2F0125209%2Fask-slashdot-how-could-we-actually-detect-an-alien-invasion-from-outer-space%3Futm_source%3Dslashdot%26utm_medium%3Dfacebook""><img src=""http://a.fsdn.com/sd/facebook_icon_large.png""></a> <a class=""nobg"" href=""http://plus.google.com/share?url=http://ask.slashdot.org/story/15/02/19/0125209/ask-slashdot-how-could-we-actually-detect-an-alien-invasion-from-outer-space?utm_source=slashdot&amp;utm_medium=googleplus"" onclick=""javascript:window.open(this.href,'', 'menubar=no,toolbar=no,resizable=yes,scrollbars=yes,height=600,width=600');return false;""><img src=""http://www.gstatic.com/images/icons/gplus-16.png"" alt=""Share on Google+""/></a> </div></p><p><a href=""http://ask.slashdot.org/story/15/02/19/0125209/ask-slashdot-how-could-we-actually-detect-an-alien-invasion-from-outer-space?utm_source=rss1.0moreanon&amp;utm_medium=feed"">Read more of this story</a> at Slashdot.</p><iframe src=""http://slashdot.org/slashdot-it.pl?op=discuss&amp;id=6985451&amp;smallembed=1"" style=""height: 300px; width: 100%; border: none;""></iframe><img width='1' height='1' src='http://slashdot.feedsportal.com/c/35028/f/647410/s/438b65f2/sc/10/mf.gif' border='0'/><br clear='all'/><br/><br/><a href=""http://da.feedsportal.com/r/218611901161/u/49/f/647410/c/35028/s/438b65f2/sc/10/rc/1/rc.htm"" rel=""nofollow""><img src=""http://da.feedsportal.com/r/218611901161/u/49/f/647410/c/35028/s/438b65f2/sc/10/rc/1/rc.img"" border=""0""/></a><br/><a href=""http://da.feedsportal.com/r/218611901161/u/49/f/647410/c/35028/s/438b65f2/sc/10/rc/2/rc.htm"" rel=""nofollow""><img src=""http://da.feedsportal.com/r/218611901161/u/49/f/647410/c/35028/s/438b65f2/sc/10/rc/2/rc.img"" border=""0""/></a><br/><a href=""http://da.feedsportal.com/r/218611901161/u/49/f/647410/c/35028/s/438b65f2/sc/10/rc/3/rc.htm"" rel=""nofollow""><img src=""http://da.feedsportal.com/r/218611901161/u/49/f/647410/c/35028/s/438b65f2/sc/10/rc/3/rc.img"" border=""0""/></a><br/><br/><a href=""http://da.feedsportal.com/r/218611901161/u/49/f/647410/c/35028/s/438b65f2/sc/10/a2.htm""><img src=""http://da.feedsportal.com/r/218611901161/u/49/f/647410/c/35028/s/438b65f2/sc/10/a2.img"" border=""0""/></a><img width=""1"" height=""1"" src=""http://pi.feedsportal.com/r/218611901161/u/49/f/647410/c/35028/s/438b65f2/sc/10/a2t.img"" border=""0""/><img src=""//feeds.feedburner.com/~r/Slashdot/slashdot/~4/oY_5n3QIbro"" height=""1"" width=""1"" alt=""""/>"
Brian J. Ford's Aquatic Dinosaurs Claim Holds No Water (Scientific American),http://news.feedzilla.com/en_us/stories/science/421907123?client_source=api&format=json,"Via bizarre and unexpected circumstances I recently* found myself secretly and
furtively attending a lecture by Brian J. Ford. Ford is a British author and
researcher who dabbles widely in matters of...


-- Read more on ScientificAmerican.com

"
Carnegie-Mellon Sends Hundreds of Acceptance Letters By Mistake,http://rss.slashdot.org/~r/Slashdot/slashdot/~3/Rszn-YSQYHs/story01.htm,"An anonymous reader writes As reported in the Pittsburgh Post-Gazette, Carnegie-Mellon University mistakenly sent 800 acceptances for its Master of Science in Computer Science program. They're not saying ""computer error,"" but what are the other explanations? High irony all around. The program accepts fewer than nine percent of more than 1,200 applicants, which places the acceptance level at about a hundred, so they're bad at math, too.<p><div class=""share_submission"" style=""position:relative;""> <a class=""slashpop"" href=""http://twitter.com/home?status=Carnegie-Mellon+Sends+Hundreds+of+Acceptance+Letters+By+Mistake%3A+http%3A%2F%2Fbit.ly%2F1E9qIec""><img src=""http://a.fsdn.com/sd/twitter_icon_large.png""></a> <a class=""slashpop"" href=""http://www.facebook.com/sharer.php?u=http%3A%2F%2Fnews.slashdot.org%2Fstory%2F15%2F02%2F19%2F1410214%2Fcarnegie-mellon-sends-hundreds-of-acceptance-letters-by-mistake%3Futm_source%3Dslashdot%26utm_medium%3Dfacebook""><img src=""http://a.fsdn.com/sd/facebook_icon_large.png""></a> <a class=""nobg"" href=""http://plus.google.com/share?url=http://news.slashdot.org/story/15/02/19/1410214/carnegie-mellon-sends-hundreds-of-acceptance-letters-by-mistake?utm_source=slashdot&amp;utm_medium=googleplus"" onclick=""javascript:window.open(this.href,'', 'menubar=no,toolbar=no,resizable=yes,scrollbars=yes,height=600,width=600');return false;""><img src=""http://www.gstatic.com/images/icons/gplus-16.png"" alt=""Share on Google+""/></a> </div></p><p><a href=""http://news.slashdot.org/story/15/02/19/1410214/carnegie-mellon-sends-hundreds-of-acceptance-letters-by-mistake?utm_source=rss1.0moreanon&amp;utm_medium=feed"">Read more of this story</a> at Slashdot.</p><iframe src=""http://slashdot.org/slashdot-it.pl?op=discuss&amp;id=6988581&amp;smallembed=1"" style=""height: 300px; width: 100%; border: none;""></iframe><img width='1' height='1' src='http://slashdot.feedsportal.com/c/35028/f/647410/s/438dde08/sc/36/mf.gif' border='0'/><br clear='all'/><br/><br/><a href=""http://da.feedsportal.com/r/219133260306/u/49/f/647410/c/35028/s/438dde08/sc/36/rc/1/rc.htm"" rel=""nofollow""><img src=""http://da.feedsportal.com/r/219133260306/u/49/f/647410/c/35028/s/438dde08/sc/36/rc/1/rc.img"" border=""0""/></a><br/><a href=""http://da.feedsportal.com/r/219133260306/u/49/f/647410/c/35028/s/438dde08/sc/36/rc/2/rc.htm"" rel=""nofollow""><img src=""http://da.feedsportal.com/r/219133260306/u/49/f/647410/c/35028/s/438dde08/sc/36/rc/2/rc.img"" border=""0""/></a><br/><a href=""http://da.feedsportal.com/r/219133260306/u/49/f/647410/c/35028/s/438dde08/sc/36/rc/3/rc.htm"" rel=""nofollow""><img src=""http://da.feedsportal.com/r/219133260306/u/49/f/647410/c/35028/s/438dde08/sc/36/rc/3/rc.img"" border=""0""/></a><br/><br/><a href=""http://da.feedsportal.com/r/219133260306/u/49/f/647410/c/35028/s/438dde08/sc/36/a2.htm""><img src=""http://da.feedsportal.com/r/219133260306/u/49/f/647410/c/35028/s/438dde08/sc/36/a2.img"" border=""0""/></a><img width=""1"" height=""1"" src=""http://pi.feedsportal.com/r/219133260306/u/49/f/647410/c/35028/s/438dde08/sc/36/a2t.img"" border=""0""/><img src=""//feeds.feedburner.com/~r/Slashdot/slashdot/~4/Rszn-YSQYHs"" height=""1"" width=""1"" alt=""""/>"
Catching Alzheimer’s before Memory Slips (Scientific American),http://news.feedzilla.com/en_us/stories/science/421874536?client_source=api&format=json,"Can a five-minute eye-tracking test warn of disease to come?


-- Read more on ScientificAmerican.com

"
Clinical Trials May Under Report Side Effects of Cancer Drugs (bioethicscom),http://news.feedzilla.com/en_us/stories/science/421950355?client_source=api&format=json,"(Reuters) - Researchers may not realize how badly new cancer drugs make
patients feel because physicians don’t always accurately report side effects,
suggests a new study. The comparison of side effects reported by patients and
their physicians in three separate … Read More

"
Control what happens to your Facebook after you die (CBS News),http://news.feedzilla.com/en_us/stories/science/421904432?client_source=api&format=json,"With Facebook's new ""Legacy Contact,"" users can now designate an executor of
their online estates

"
Could Fossils of Ancient Life From Earth Reside On the Moon?,http://rss.slashdot.org/~r/Slashdot/slashdot/~3/nh0cHPUDcUw/story01.htm,"MarkWhittington writes Does the moon contain fossils of billions of years old organisms from Earth? That theory has been laid out in recent research at the Imperial College of London, reported in a story in Air and Space Magazine by Dr. Paul Spudis, a lunar and planetary geologist. The implications for science and future lunar exploration are profound. Scientists have known for decades that planets and moons in the Solar System exchange material due to impacts. A large meteor smashes into a planet, Mars for example, and blasts material into space. That material eventually finds itself landing on another planet, Earth in this case. Mars rocks have been discovered on Earth since the 1980s. Other rocks from the moon and, it is surmised, Mercury have also been found, blasted into space billions of years ago to eventually find themselves on Earth.<p><div class=""share_submission"" style=""position:relative;""> <a class=""slashpop"" href=""http://twitter.com/home?status=Could+Fossils+of+Ancient+Life+From+Earth+Reside+On+the+Moon%3F%3A+http%3A%2F%2Fbit.ly%2F1LgLzOA""><img src=""http://a.fsdn.com/sd/twitter_icon_large.png""></a> <a class=""slashpop"" href=""http://www.facebook.com/sharer.php?u=http%3A%2F%2Fscience.slashdot.org%2Fstory%2F15%2F02%2F19%2F0317252%2Fcould-fossils-of-ancient-life-from-earth-reside-on-the-moon%3Futm_source%3Dslashdot%26utm_medium%3Dfacebook""><img src=""http://a.fsdn.com/sd/facebook_icon_large.png""></a> <a class=""nobg"" href=""http://plus.google.com/share?url=http://science.slashdot.org/story/15/02/19/0317252/could-fossils-of-ancient-life-from-earth-reside-on-the-moon?utm_source=slashdot&amp;utm_medium=googleplus"" onclick=""javascript:window.open(this.href,'', 'menubar=no,toolbar=no,resizable=yes,scrollbars=yes,height=600,width=600');return false;""><img src=""http://www.gstatic.com/images/icons/gplus-16.png"" alt=""Share on Google+""/></a> </div></p><p><a href=""http://science.slashdot.org/story/15/02/19/0317252/could-fossils-of-ancient-life-from-earth-reside-on-the-moon?utm_source=rss1.0moreanon&amp;utm_medium=feed"">Read more of this story</a> at Slashdot.</p><iframe src=""http://slashdot.org/slashdot-it.pl?op=discuss&amp;id=6985647&amp;smallembed=1"" style=""height: 300px; width: 100%; border: none;""></iframe><img width='1' height='1' src='http://slashdot.feedsportal.com/c/35028/f/647410/s/438d7a46/sc/32/mf.gif' border='0'/><br clear='all'/><br/><br/><a href=""http://da.feedsportal.com/r/219133257532/u/49/f/647410/c/35028/s/438d7a46/sc/32/rc/1/rc.htm"" rel=""nofollow""><img src=""http://da.feedsportal.com/r/219133257532/u/49/f/647410/c/35028/s/438d7a46/sc/32/rc/1/rc.img"" border=""0""/></a><br/><a href=""http://da.feedsportal.com/r/219133257532/u/49/f/647410/c/35028/s/438d7a46/sc/32/rc/2/rc.htm"" rel=""nofollow""><img src=""http://da.feedsportal.com/r/219133257532/u/49/f/647410/c/35028/s/438d7a46/sc/32/rc/2/rc.img"" border=""0""/></a><br/><a href=""http://da.feedsportal.com/r/219133257532/u/49/f/647410/c/35028/s/438d7a46/sc/32/rc/3/rc.htm"" rel=""nofollow""><img src=""http://da.feedsportal.com/r/219133257532/u/49/f/647410/c/35028/s/438d7a46/sc/32/rc/3/rc.img"" border=""0""/></a><br/><br/><a href=""http://da.feedsportal.com/r/219133257532/u/49/f/647410/c/35028/s/438d7a46/sc/32/a2.htm""><img src=""http://da.feedsportal.com/r/219133257532/u/49/f/647410/c/35028/s/438d7a46/sc/32/a2.img"" border=""0""/></a><img width=""1"" height=""1"" src=""http://pi.feedsportal.com/r/219133257532/u/49/f/647410/c/35028/s/438d7a46/sc/32/a2t.img"" border=""0""/><img src=""//feeds.feedburner.com/~r/Slashdot/slashdot/~4/nh0cHPUDcUw"" height=""1"" width=""1"" alt=""""/>"
Credit Card Fraud Could Peak In 2015 As the US Moves To EMV,http://rss.slashdot.org/~r/Slashdot/slashdot/~3/_CalZLWAfMc/story01.htm,"dkatana writes Some analysts expect fraud to increase this year as thieves will step up their efforts to capture more credit card details before the Europay, MasterCard and Visa (EMV) standard conversion goes into full throttle. The next time U.S. cardholders receive a new card it will probably be equipped with an EMV chip, and most likely be contactless. The U.S. is finally making the transition to secure cards based on the European EMV standard, mostly because the liability shift imposed by the three big credit card brands &mdash; Visa, MasterCard and American Express. The European Union, where EMV became standard ten years ago, has the lowest level of credit card fraud in the world, while the U.S. accounted for 47.3% of the worldwide payment card fraud losses but generated only 23.5% of total volume.<p><div class=""share_submission"" style=""position:relative;""> <a class=""slashpop"" href=""http://twitter.com/home?status=Credit+Card+Fraud+Could+Peak+In+2015+As+the+US+Moves+To+EMV%3A+http%3A%2F%2Fbit.ly%2F1DDxVTm""><img src=""http://a.fsdn.com/sd/twitter_icon_large.png""></a> <a class=""slashpop"" href=""http://www.facebook.com/sharer.php?u=http%3A%2F%2Fyro.slashdot.org%2Fstory%2F15%2F02%2F18%2F2340215%2Fcredit-card-fraud-could-peak-in-2015-as-the-us-moves-to-emv%3Futm_source%3Dslashdot%26utm_medium%3Dfacebook""><img src=""http://a.fsdn.com/sd/facebook_icon_large.png""></a> <a class=""nobg"" href=""http://plus.google.com/share?url=http://yro.slashdot.org/story/15/02/18/2340215/credit-card-fraud-could-peak-in-2015-as-the-us-moves-to-emv?utm_source=slashdot&amp;utm_medium=googleplus"" onclick=""javascript:window.open(this.href,'', 'menubar=no,toolbar=no,resizable=yes,scrollbars=yes,height=600,width=600');return false;""><img src=""http://www.gstatic.com/images/icons/gplus-16.png"" alt=""Share on Google+""/></a> </div></p><p><a href=""http://yro.slashdot.org/story/15/02/18/2340215/credit-card-fraud-could-peak-in-2015-as-the-us-moves-to-emv?utm_source=rss1.0moreanon&amp;utm_medium=feed"">Read more of this story</a> at Slashdot.</p><iframe src=""http://slashdot.org/slashdot-it.pl?op=discuss&amp;id=6985323&amp;smallembed=1"" style=""height: 300px; width: 100%; border: none;""></iframe><img width='1' height='1' src='http://slashdot.feedsportal.com/c/35028/f/647410/s/43893fcf/sc/36/mf.gif' border='0'/><br clear='all'/><br/><br/><a href=""http://da.feedsportal.com/r/219133237977/u/49/f/647410/c/35028/s/43893fcf/sc/36/rc/1/rc.htm"" rel=""nofollow""><img src=""http://da.feedsportal.com/r/219133237977/u/49/f/647410/c/35028/s/43893fcf/sc/36/rc/1/rc.img"" border=""0""/></a><br/><a href=""http://da.feedsportal.com/r/219133237977/u/49/f/647410/c/35028/s/43893fcf/sc/36/rc/2/rc.htm"" rel=""nofollow""><img src=""http://da.feedsportal.com/r/219133237977/u/49/f/647410/c/35028/s/43893fcf/sc/36/rc/2/rc.img"" border=""0""/></a><br/><a href=""http://da.feedsportal.com/r/219133237977/u/49/f/647410/c/35028/s/43893fcf/sc/36/rc/3/rc.htm"" rel=""nofollow""><img src=""http://da.feedsportal.com/r/219133237977/u/49/f/647410/c/35028/s/43893fcf/sc/36/rc/3/rc.img"" border=""0""/></a><br/><br/><a href=""http://da.feedsportal.com/r/219133237977/u/49/f/647410/c/35028/s/43893fcf/sc/36/a2.htm""><img src=""http://da.feedsportal.com/r/219133237977/u/49/f/647410/c/35028/s/43893fcf/sc/36/a2.img"" border=""0""/></a><img width=""1"" height=""1"" src=""http://pi.feedsportal.com/r/219133237977/u/49/f/647410/c/35028/s/43893fcf/sc/36/a2t.img"" border=""0""/><img src=""//feeds.feedburner.com/~r/Slashdot/slashdot/~4/_CalZLWAfMc"" height=""1"" width=""1"" alt=""""/>"
Delivery Drones: More Feasible If They Come By Truck,http://rss.slashdot.org/~r/Slashdot/slashdot/~3/mxMvW9NFX6U/story01.htm,"malachiorion writes Amazon's drone delivery service was never going to work. It was too autonomous, and simply too risky to be approved by the FAA in the timeframe that Jeff Bezos specified (as early as this year). And yet, the media is still hung up on Amazon, and much of the coverage of the FAA's newly released drone rules center around Prime Air, a program that was essentially a PR stunt. Meanwhile, a Cincinnati-based company that makes electric delivery trucks has an idea that's been largely ignored, but that's much more feasible. The Horsefly launches from and returns to a delivery truck once it reaches a given neighborhood, with a mix of autonomous flight to destination, driver-specified drop-off locations, and remote-piloted landings. The company will still need to secure exemptions from the FAA, but unlike Amazon, they at least have a chance. There's more detail about Amp's technically impressive (and seemingly damn tough) drone in my story for Popular Science.<p><div class=""share_submission"" style=""position:relative;""> <a class=""slashpop"" href=""http://twitter.com/home?status=Delivery+Drones%3A+More+Feasible+If+They+Come+By+Truck%3A+http%3A%2F%2Fbit.ly%2F17vDSVP""><img src=""http://a.fsdn.com/sd/twitter_icon_large.png""></a> <a class=""slashpop"" href=""http://www.facebook.com/sharer.php?u=http%3A%2F%2Ftech.slashdot.org%2Fstory%2F15%2F02%2F19%2F1740259%2Fdelivery-drones-more-feasible-if-they-come-by-truck%3Futm_source%3Dslashdot%26utm_medium%3Dfacebook""><img src=""http://a.fsdn.com/sd/facebook_icon_large.png""></a> <a class=""nobg"" href=""http://plus.google.com/share?url=http://tech.slashdot.org/story/15/02/19/1740259/delivery-drones-more-feasible-if-they-come-by-truck?utm_source=slashdot&amp;utm_medium=googleplus"" onclick=""javascript:window.open(this.href,'', 'menubar=no,toolbar=no,resizable=yes,scrollbars=yes,height=600,width=600');return false;""><img src=""http://www.gstatic.com/images/icons/gplus-16.png"" alt=""Share on Google+""/></a> </div></p><p><a href=""http://tech.slashdot.org/story/15/02/19/1740259/delivery-drones-more-feasible-if-they-come-by-truck?utm_source=rss1.0moreanon&amp;utm_medium=feed"">Read more of this story</a> at Slashdot.</p><iframe src=""http://slashdot.org/slashdot-it.pl?op=discuss&amp;id=6989173&amp;smallembed=1"" style=""height: 300px; width: 100%; border: none;""></iframe><img width='1' height='1' src='http://slashdot.feedsportal.com/c/35028/f/647410/s/438fd58d/sc/36/mf.gif' border='0'/><br clear='all'/><br/><br/><a href=""http://da.feedsportal.com/r/219133267697/u/49/f/647410/c/35028/s/438fd58d/sc/36/rc/1/rc.htm"" rel=""nofollow""><img src=""http://da.feedsportal.com/r/219133267697/u/49/f/647410/c/35028/s/438fd58d/sc/36/rc/1/rc.img"" border=""0""/></a><br/><a href=""http://da.feedsportal.com/r/219133267697/u/49/f/647410/c/35028/s/438fd58d/sc/36/rc/2/rc.htm"" rel=""nofollow""><img src=""http://da.feedsportal.com/r/219133267697/u/49/f/647410/c/35028/s/438fd58d/sc/36/rc/2/rc.img"" border=""0""/></a><br/><a href=""http://da.feedsportal.com/r/219133267697/u/49/f/647410/c/35028/s/438fd58d/sc/36/rc/3/rc.htm"" rel=""nofollow""><img src=""http://da.feedsportal.com/r/219133267697/u/49/f/647410/c/35028/s/438fd58d/sc/36/rc/3/rc.img"" border=""0""/></a><br/><br/><a href=""http://da.feedsportal.com/r/219133267697/u/49/f/647410/c/35028/s/438fd58d/sc/36/a2.htm""><img src=""http://da.feedsportal.com/r/219133267697/u/49/f/647410/c/35028/s/438fd58d/sc/36/a2.img"" border=""0""/></a><img width=""1"" height=""1"" src=""http://pi.feedsportal.com/r/219133267697/u/49/f/647410/c/35028/s/438fd58d/sc/36/a2t.img"" border=""0""/><img src=""//feeds.feedburner.com/~r/Slashdot/slashdot/~4/mxMvW9NFX6U"" height=""1"" width=""1"" alt=""""/>"
"Dogs Understand Human Smiles, Scowls (Discovery)",http://news.feedzilla.com/en_us/stories/science/421911242?client_source=api&format=json,"With a brief glance, your dog can figure out your mood.

"
Duplicate SSH Keys Put Tens of Thousands of Home Routers At Risk,http://rss.slashdot.org/~r/Slashdot/slashdot/~3/LhuZQrX_3mE/story01.htm,"alphadogg (971356) writes A setup mistake has apparently left hundreds of thousands of home routers running the SSH (Secure Shell) remote access tool with identical private and public keys. John Matherly, founder of a specialized search engine company whose technology is used for querying Internet-connected devices, found more than 250,000 devices that appear to be deployed by Telef&#243;nica de Espa&#241;a sharing the same public SSH key. A different search found another 150,000 devices, mostly in China and Taiwan, that have the same problem. Matherly said in a phone interview on Wednesday it is possible the manufacturers copied the same operating system image to all of the routers.<p><div class=""share_submission"" style=""position:relative;""> <a class=""slashpop"" href=""http://twitter.com/home?status=+Duplicate+SSH+Keys+Put+Tens+of+Thousands+of+Home+Routers+At+Risk%3A+http%3A%2F%2Fbit.ly%2F1CN07za""><img src=""http://a.fsdn.com/sd/twitter_icon_large.png""></a> <a class=""slashpop"" href=""http://www.facebook.com/sharer.php?u=http%3A%2F%2Fit.slashdot.org%2Fstory%2F15%2F02%2F19%2F1445251%2Fduplicate-ssh-keys-put-tens-of-thousands-of-home-routers-at-risk%3Futm_source%3Dslashdot%26utm_medium%3Dfacebook""><img src=""http://a.fsdn.com/sd/facebook_icon_large.png""></a> <a class=""nobg"" href=""http://plus.google.com/share?url=http://it.slashdot.org/story/15/02/19/1445251/duplicate-ssh-keys-put-tens-of-thousands-of-home-routers-at-risk?utm_source=slashdot&amp;utm_medium=googleplus"" onclick=""javascript:window.open(this.href,'', 'menubar=no,toolbar=no,resizable=yes,scrollbars=yes,height=600,width=600');return false;""><img src=""http://www.gstatic.com/images/icons/gplus-16.png"" alt=""Share on Google+""/></a> </div></p><p><a href=""http://it.slashdot.org/story/15/02/19/1445251/duplicate-ssh-keys-put-tens-of-thousands-of-home-routers-at-risk?utm_source=rss1.0moreanon&amp;utm_medium=feed"">Read more of this story</a> at Slashdot.</p><iframe src=""http://slashdot.org/slashdot-it.pl?op=discuss&amp;id=6988679&amp;smallembed=1"" style=""height: 300px; width: 100%; border: none;""></iframe><img width='1' height='1' src='http://slashdot.feedsportal.com/c/35028/f/647410/s/438e421a/sc/4/mf.gif' border='0'/><br clear='all'/><br/><br/><a href=""http://da.feedsportal.com/r/218612032152/u/49/f/647410/c/35028/s/438e421a/sc/4/rc/1/rc.htm"" rel=""nofollow""><img src=""http://da.feedsportal.com/r/218612032152/u/49/f/647410/c/35028/s/438e421a/sc/4/rc/1/rc.img"" border=""0""/></a><br/><a href=""http://da.feedsportal.com/r/218612032152/u/49/f/647410/c/35028/s/438e421a/sc/4/rc/2/rc.htm"" rel=""nofollow""><img src=""http://da.feedsportal.com/r/218612032152/u/49/f/647410/c/35028/s/438e421a/sc/4/rc/2/rc.img"" border=""0""/></a><br/><a href=""http://da.feedsportal.com/r/218612032152/u/49/f/647410/c/35028/s/438e421a/sc/4/rc/3/rc.htm"" rel=""nofollow""><img src=""http://da.feedsportal.com/r/218612032152/u/49/f/647410/c/35028/s/438e421a/sc/4/rc/3/rc.img"" border=""0""/></a><br/><br/><a href=""http://da.feedsportal.com/r/218612032152/u/49/f/647410/c/35028/s/438e421a/sc/4/a2.htm""><img src=""http://da.feedsportal.com/r/218612032152/u/49/f/647410/c/35028/s/438e421a/sc/4/a2.img"" border=""0""/></a><img width=""1"" height=""1"" src=""http://pi.feedsportal.com/r/218612032152/u/49/f/647410/c/35028/s/438e421a/sc/4/a2t.img"" border=""0""/><img src=""//feeds.feedburner.com/~r/Slashdot/slashdot/~4/LhuZQrX_3mE"" height=""1"" width=""1"" alt=""""/>"
"Furry forerunners: Jurassic arboreal, burrowing mammals unearthed (reuters)",http://news.feedzilla.com/en_us/stories/science/421945315?client_source=api&format=json,"WASHINGTON (Reuters) - It may not have been the most opportune time to be a
furry little critter, what with all those hungry dinosaurs and flying reptiles
hanging around. But early mammals still managed to make their mark during the
Jurassic Period.

"
Gadgets That Spy On Us: Way More Than TVs,http://rss.slashdot.org/~r/Slashdot/slashdot/~3/Mz_dWNe3FJw/story01.htm,"Presto Vivace writes with a reminder that it's not just Samsung TVs &amp;mdash; lots of other gadgets are spying on you ""But Samsung's televisions are far from the only seeing-and-listening devices coming into our lives. If we're going to freak out about a Samsung TV that listens in on our living rooms, we should also be panicking about a number of other emergent gadgets that capture voice and visual data in many of the same ways. .... Samsung's competitor, the LG Smart TV, has basically the same phrase about voice capture in its privacy policy: ""Please be aware that if your spoken word includes personal or other sensitive information, such information will be among the Voice Information captured through your use of voice recognition features."" It isn't just TVs, Microsoft's xBox Kinect, Amazon Echo, GM's Onstar, Chevrolet's MyLink and PDRs, Google's Waze, and Hello's Sense all have snooping capabilities. Welcome to the world of Stasi Tech.<p><div class=""share_submission"" style=""position:relative;""> <a class=""slashpop"" href=""http://twitter.com/home?status=Gadgets+That+Spy+On+Us%3A+Way+More+Than+TVs%3A+http%3A%2F%2Fbit.ly%2F1COoSgZ""><img src=""http://a.fsdn.com/sd/twitter_icon_large.png""></a> <a class=""slashpop"" href=""http://www.facebook.com/sharer.php?u=http%3A%2F%2Fyro.slashdot.org%2Fstory%2F15%2F02%2F19%2F1840253%2Fgadgets-that-spy-on-us-way-more-than-tvs%3Futm_source%3Dslashdot%26utm_medium%3Dfacebook""><img src=""http://a.fsdn.com/sd/facebook_icon_large.png""></a> <a class=""nobg"" href=""http://plus.google.com/share?url=http://yro.slashdot.org/story/15/02/19/1840253/gadgets-that-spy-on-us-way-more-than-tvs?utm_source=slashdot&amp;utm_medium=googleplus"" onclick=""javascript:window.open(this.href,'', 'menubar=no,toolbar=no,resizable=yes,scrollbars=yes,height=600,width=600');return false;""><img src=""http://www.gstatic.com/images/icons/gplus-16.png"" alt=""Share on Google+""/></a> </div></p><p><a href=""http://yro.slashdot.org/story/15/02/19/1840253/gadgets-that-spy-on-us-way-more-than-tvs?utm_source=rss1.0moreanon&amp;utm_medium=feed"">Read more of this story</a> at Slashdot.</p><iframe src=""http://slashdot.org/slashdot-it.pl?op=discuss&amp;id=6989313&amp;smallembed=1"" style=""height: 300px; width: 100%; border: none;""></iframe><img width='1' height='1' src='http://slashdot.feedsportal.com/c/35028/f/647410/s/43906937/sc/46/mf.gif' border='0'/><br clear='all'/><br/><br/><a href=""http://da.feedsportal.com/r/219133269006/u/49/f/647410/c/35028/s/43906937/sc/46/rc/1/rc.htm"" rel=""nofollow""><img src=""http://da.feedsportal.com/r/219133269006/u/49/f/647410/c/35028/s/43906937/sc/46/rc/1/rc.img"" border=""0""/></a><br/><a href=""http://da.feedsportal.com/r/219133269006/u/49/f/647410/c/35028/s/43906937/sc/46/rc/2/rc.htm"" rel=""nofollow""><img src=""http://da.feedsportal.com/r/219133269006/u/49/f/647410/c/35028/s/43906937/sc/46/rc/2/rc.img"" border=""0""/></a><br/><a href=""http://da.feedsportal.com/r/219133269006/u/49/f/647410/c/35028/s/43906937/sc/46/rc/3/rc.htm"" rel=""nofollow""><img src=""http://da.feedsportal.com/r/219133269006/u/49/f/647410/c/35028/s/43906937/sc/46/rc/3/rc.img"" border=""0""/></a><br/><br/><a href=""http://da.feedsportal.com/r/219133269006/u/49/f/647410/c/35028/s/43906937/sc/46/a2.htm""><img src=""http://da.feedsportal.com/r/219133269006/u/49/f/647410/c/35028/s/43906937/sc/46/a2.img"" border=""0""/></a><img width=""1"" height=""1"" src=""http://pi.feedsportal.com/r/219133269006/u/49/f/647410/c/35028/s/43906937/sc/46/a2t.img"" border=""0""/><img src=""//feeds.feedburner.com/~r/Slashdot/slashdot/~4/Mz_dWNe3FJw"" height=""1"" width=""1"" alt=""""/>"
Google Faces Anti-Trust Probe In Russia Over Android,http://rss.slashdot.org/~r/Slashdot/slashdot/~3/HYmCm0IQ2j8/story01.htm,"First time accepted submitter Mark Wilson writes Google has a new battle on its hands, this time in the form of a potential anti-trust probe in Russia. Yandex, the internet company behind the eponymous Russian search engine, has filed a complaint to the Federal Antimonopoly Service (FAS). Yandex claims that the US search giant is abusing its position by bundling Google services with Android. It claims that users are forced into using the Google ecosystem including Google Search, and that it is difficult to install competing services on smartphones and tablets. There are distinct echoes of the antitrust lawsuits Microsoft has faced for its bundling of Internet Explorer with Windows.<p><div class=""share_submission"" style=""position:relative;""> <a class=""slashpop"" href=""http://twitter.com/home?status=Google+Faces+Anti-Trust+Probe+In+Russia+Over+Android%3A+http%3A%2F%2Fbit.ly%2F1DulRp0""><img src=""http://a.fsdn.com/sd/twitter_icon_large.png""></a> <a class=""slashpop"" href=""http://www.facebook.com/sharer.php?u=http%3A%2F%2Ftech.slashdot.org%2Fstory%2F15%2F02%2F19%2F0414254%2Fgoogle-faces-anti-trust-probe-in-russia-over-android%3Futm_source%3Dslashdot%26utm_medium%3Dfacebook""><img src=""http://a.fsdn.com/sd/facebook_icon_large.png""></a> <a class=""nobg"" href=""http://plus.google.com/share?url=http://tech.slashdot.org/story/15/02/19/0414254/google-faces-anti-trust-probe-in-russia-over-android?utm_source=slashdot&amp;utm_medium=googleplus"" onclick=""javascript:window.open(this.href,'', 'menubar=no,toolbar=no,resizable=yes,scrollbars=yes,height=600,width=600');return false;""><img src=""http://www.gstatic.com/images/icons/gplus-16.png"" alt=""Share on Google+""/></a> </div></p><p><a href=""http://tech.slashdot.org/story/15/02/19/0414254/google-faces-anti-trust-probe-in-russia-over-android?utm_source=rss1.0moreanon&amp;utm_medium=feed"">Read more of this story</a> at Slashdot.</p><iframe src=""http://slashdot.org/slashdot-it.pl?op=discuss&amp;id=6985815&amp;smallembed=1"" style=""height: 300px; width: 100%; border: none;""></iframe><img width='1' height='1' src='http://slashdot.feedsportal.com/c/35028/f/647410/s/438c066f/sc/15/mf.gif' border='0'/><br clear='all'/><br/><br/><a href=""http://da.feedsportal.com/r/218611904410/u/49/f/647410/c/35028/s/438c066f/sc/15/rc/1/rc.htm"" rel=""nofollow""><img src=""http://da.feedsportal.com/r/218611904410/u/49/f/647410/c/35028/s/438c066f/sc/15/rc/1/rc.img"" border=""0""/></a><br/><a href=""http://da.feedsportal.com/r/218611904410/u/49/f/647410/c/35028/s/438c066f/sc/15/rc/2/rc.htm"" rel=""nofollow""><img src=""http://da.feedsportal.com/r/218611904410/u/49/f/647410/c/35028/s/438c066f/sc/15/rc/2/rc.img"" border=""0""/></a><br/><a href=""http://da.feedsportal.com/r/218611904410/u/49/f/647410/c/35028/s/438c066f/sc/15/rc/3/rc.htm"" rel=""nofollow""><img src=""http://da.feedsportal.com/r/218611904410/u/49/f/647410/c/35028/s/438c066f/sc/15/rc/3/rc.img"" border=""0""/></a><br/><br/><a href=""http://da.feedsportal.com/r/218611904410/u/49/f/647410/c/35028/s/438c066f/sc/15/a2.htm""><img src=""http://da.feedsportal.com/r/218611904410/u/49/f/647410/c/35028/s/438c066f/sc/15/a2.img"" border=""0""/></a><img width=""1"" height=""1"" src=""http://pi.feedsportal.com/r/218611904410/u/49/f/647410/c/35028/s/438c066f/sc/15/a2t.img"" border=""0""/><img src=""//feeds.feedburner.com/~r/Slashdot/slashdot/~4/HYmCm0IQ2j8"" height=""1"" width=""1"" alt=""""/>"
"Google: FBI's Plan To Expand Hacking Power a ""Monumental"" Constitutional Threat",http://rss.slashdot.org/~r/Slashdot/slashdot/~3/j_QZvvTRNxA/story01.htm,"schwit1 writes with news about Google's reservations to a Justice Department proposal on warrants for electronic data. ""Any change in accessing computer data should go through Congress, the search giant said. The search giant submitted public comments earlier this week opposing a Justice Department proposal that would grant judges more leeway in how they can approve search warrants for electronic data. The push to change an arcane federal rule ""raises a number of monumental and highly complex constitutional, legal, and geopolitical concerns that should be left to Congress to decide,"" wrote Richard Salgado, Google's director for law enforcement and information security. The provision, known as Rule 41 of the federal rules of criminal procedure, generally permits judges to grant search warrants only within the bounds of their judicial district. Last year, the Justice Department petitioned a judicial advisory committee to amend the rule to allow judges to approve warrants outside their jurisdictions or in cases where authorities are unsure where a computer is located. Google, in its comments, blasted the desired rule change as overly vague, saying the proposal could authorize remote searches on the data of millions of Americans simultaneously&mdash;particularly those who share a network or router&mdash;and cautioned it rested on shaky legal footing.""<p><div class=""share_submission"" style=""position:relative;""> <a class=""slashpop"" href=""http://twitter.com/home?status=Google%3A+FBI's+Plan+To+Expand+Hacking+Power+a+%22Monumental%22+Constitutional+Threat%3A+http%3A%2F%2Fbit.ly%2F17soDNj""><img src=""http://a.fsdn.com/sd/twitter_icon_large.png""></a> <a class=""slashpop"" href=""http://www.facebook.com/sharer.php?u=http%3A%2F%2Ftech.slashdot.org%2Fstory%2F15%2F02%2F18%2F2331224%2Fgoogle-fbis-plan-to-expand-hacking-power-a-monumental-constitutional-threat%3Futm_source%3Dslashdot%26utm_medium%3Dfacebook""><img src=""http://a.fsdn.com/sd/facebook_icon_large.png""></a> <a class=""nobg"" href=""http://plus.google.com/share?url=http://tech.slashdot.org/story/15/02/18/2331224/google-fbis-plan-to-expand-hacking-power-a-monumental-constitutional-threat?utm_source=slashdot&amp;utm_medium=googleplus"" onclick=""javascript:window.open(this.href,'', 'menubar=no,toolbar=no,resizable=yes,scrollbars=yes,height=600,width=600');return false;""><img src=""http://www.gstatic.com/images/icons/gplus-16.png"" alt=""Share on Google+""/></a> </div></p><p><a href=""http://tech.slashdot.org/story/15/02/18/2331224/google-fbis-plan-to-expand-hacking-power-a-monumental-constitutional-threat?utm_source=rss1.0moreanon&amp;utm_medium=feed"">Read more of this story</a> at Slashdot.</p><iframe src=""http://slashdot.org/slashdot-it.pl?op=discuss&amp;id=6985309&amp;smallembed=1"" style=""height: 300px; width: 100%; border: none;""></iframe><img width='1' height='1' src='http://slashdot.feedsportal.com/c/35028/f/647410/s/438906c4/sc/1/mf.gif' border='0'/><br clear='all'/><br/><br/><a href=""http://da.feedsportal.com/r/218611890612/u/49/f/647410/c/35028/s/438906c4/sc/1/rc/1/rc.htm"" rel=""nofollow""><img src=""http://da.feedsportal.com/r/218611890612/u/49/f/647410/c/35028/s/438906c4/sc/1/rc/1/rc.img"" border=""0""/></a><br/><a href=""http://da.feedsportal.com/r/218611890612/u/49/f/647410/c/35028/s/438906c4/sc/1/rc/2/rc.htm"" rel=""nofollow""><img src=""http://da.feedsportal.com/r/218611890612/u/49/f/647410/c/35028/s/438906c4/sc/1/rc/2/rc.img"" border=""0""/></a><br/><a href=""http://da.feedsportal.com/r/218611890612/u/49/f/647410/c/35028/s/438906c4/sc/1/rc/3/rc.htm"" rel=""nofollow""><img src=""http://da.feedsportal.com/r/218611890612/u/49/f/647410/c/35028/s/438906c4/sc/1/rc/3/rc.img"" border=""0""/></a><br/><br/><a href=""http://da.feedsportal.com/r/218611890612/u/49/f/647410/c/35028/s/438906c4/sc/1/a2.htm""><img src=""http://da.feedsportal.com/r/218611890612/u/49/f/647410/c/35028/s/438906c4/sc/1/a2.img"" border=""0""/></a><img width=""1"" height=""1"" src=""http://pi.feedsportal.com/r/218611890612/u/49/f/647410/c/35028/s/438906c4/sc/1/a2t.img"" border=""0""/><img src=""//feeds.feedburner.com/~r/Slashdot/slashdot/~4/j_QZvvTRNxA"" height=""1"" width=""1"" alt=""""/>"
"High seas fishing ban could boost global catches, equality (Eurekalert)",http://news.feedzilla.com/en_us/stories/science/421895655?client_source=api&format=json,"(_University of British Columbia_) Analysis of fisheries data indicates that
if increased spillover of fish stocks from protected international waters were
to boost coastal catches by 18 per cent, current global catches would be
maintained. When the researchers modeled less conservative estimates of stock
spillover, catches in coastal waters surpassed current global levels.

"
How much plastic debris moves from land to sea? (Eurekalert),http://news.feedzilla.com/en_us/stories/science/421919265?client_source=api&format=json,"(_American Association for the Advancement of Science_) Researchers suggest
that the world's coastal communities generated close to 275 million tons of
plastic waste in 2010 -- and that 4.8 to 12.7 million tons of that plastic
made its way to the oceans. They also warn that the cumulative amount of
ocean-bound plastic could increase more than tenfold in the next ten years
unless global infrastructure is improved.

"
Human DNA Enlarges Mouse Brains,http://rss.slashdot.org/~r/Slashdot/slashdot/~3/dpfqCxEG324/story01.htm,"sciencehabit writes Researchers have increased the size of mouse brains by giving the rodents a piece of human DNA that controls gene activity. The work provides some of the strongest genetic evidence yet for how the human intellect surpassed those of all other apes. The human gene causes cells that are destined to become nerve cells to divide more frequently, thereby providing a larger of pool of cells that become part of the cortex. As a result, the embryos carrying human HARE5 have brains that are 12% larger than the brains of mice carrying the chimp version of the enhancer. The team is currently testing these mice to see if the bigger brains made them any smarter.<p><div class=""share_submission"" style=""position:relative;""> <a class=""slashpop"" href=""http://twitter.com/home?status=Human+DNA+Enlarges+Mouse+Brains%3A+http%3A%2F%2Fbit.ly%2F1ALZFWZ""><img src=""http://a.fsdn.com/sd/twitter_icon_large.png""></a> <a class=""slashpop"" href=""http://www.facebook.com/sharer.php?u=http%3A%2F%2Fscience.slashdot.org%2Fstory%2F15%2F02%2F19%2F1743209%2Fhuman-dna-enlarges-mouse-brains%3Futm_source%3Dslashdot%26utm_medium%3Dfacebook""><img src=""http://a.fsdn.com/sd/facebook_icon_large.png""></a> <a class=""nobg"" href=""http://plus.google.com/share?url=http://science.slashdot.org/story/15/02/19/1743209/human-dna-enlarges-mouse-brains?utm_source=slashdot&amp;utm_medium=googleplus"" onclick=""javascript:window.open(this.href,'', 'menubar=no,toolbar=no,resizable=yes,scrollbars=yes,height=600,width=600');return false;""><img src=""http://www.gstatic.com/images/icons/gplus-16.png"" alt=""Share on Google+""/></a> </div></p><p><a href=""http://science.slashdot.org/story/15/02/19/1743209/human-dna-enlarges-mouse-brains?utm_source=rss1.0moreanon&amp;utm_medium=feed"">Read more of this story</a> at Slashdot.</p><iframe src=""http://slashdot.org/slashdot-it.pl?op=discuss&amp;id=6989177&amp;smallembed=1"" style=""height: 300px; width: 100%; border: none;""></iframe><img width='1' height='1' src='http://slashdot.feedsportal.com/c/35028/f/647410/s/438fd997/sc/32/mf.gif' border='0'/><br clear='all'/><br/><br/><a href=""http://da.feedsportal.com/r/219133268177/u/49/f/647410/c/35028/s/438fd997/sc/32/rc/1/rc.htm"" rel=""nofollow""><img src=""http://da.feedsportal.com/r/219133268177/u/49/f/647410/c/35028/s/438fd997/sc/32/rc/1/rc.img"" border=""0""/></a><br/><a href=""http://da.feedsportal.com/r/219133268177/u/49/f/647410/c/35028/s/438fd997/sc/32/rc/2/rc.htm"" rel=""nofollow""><img src=""http://da.feedsportal.com/r/219133268177/u/49/f/647410/c/35028/s/438fd997/sc/32/rc/2/rc.img"" border=""0""/></a><br/><a href=""http://da.feedsportal.com/r/219133268177/u/49/f/647410/c/35028/s/438fd997/sc/32/rc/3/rc.htm"" rel=""nofollow""><img src=""http://da.feedsportal.com/r/219133268177/u/49/f/647410/c/35028/s/438fd997/sc/32/rc/3/rc.img"" border=""0""/></a><br/><br/><a href=""http://da.feedsportal.com/r/219133268177/u/49/f/647410/c/35028/s/438fd997/sc/32/a2.htm""><img src=""http://da.feedsportal.com/r/219133268177/u/49/f/647410/c/35028/s/438fd997/sc/32/a2.img"" border=""0""/></a><img width=""1"" height=""1"" src=""http://pi.feedsportal.com/r/219133268177/u/49/f/647410/c/35028/s/438fd997/sc/32/a2t.img"" border=""0""/><img src=""//feeds.feedburner.com/~r/Slashdot/slashdot/~4/dpfqCxEG324"" height=""1"" width=""1"" alt=""""/>"
Jamie Oliver's Website Serving Malware,http://rss.slashdot.org/~r/Slashdot/slashdot/~3/PaIIXbSf6d0/story01.htm,"jones_supa writes While routinely checking the latest exploited websites, Malwarebytes came across a strange infection pattern that seemed to start from the official site of British chef Jamie Oliver. Contrary to most web-borne exploits we see lately, this one was not the result of malicious advertising but rather carefully placed malicious JavaScript injection in the site itself. This, in turn, has been used to serve visitors a delicious meal consisting an exploit kit downloading the Dorkbot trojan. Malwarebytes has contacted the administrators immediately upon discovery of this infection.<p><div class=""share_submission"" style=""position:relative;""> <a class=""slashpop"" href=""http://twitter.com/home?status=Jamie+Oliver's+Website+Serving+Malware%3A+http%3A%2F%2Fbit.ly%2F17to4Tw""><img src=""http://a.fsdn.com/sd/twitter_icon_large.png""></a> <a class=""slashpop"" href=""http://www.facebook.com/sharer.php?u=http%3A%2F%2Fit.slashdot.org%2Fstory%2F15%2F02%2F18%2F2346216%2Fjamie-olivers-website-serving-malware%3Futm_source%3Dslashdot%26utm_medium%3Dfacebook""><img src=""http://a.fsdn.com/sd/facebook_icon_large.png""></a> <a class=""nobg"" href=""http://plus.google.com/share?url=http://it.slashdot.org/story/15/02/18/2346216/jamie-olivers-website-serving-malware?utm_source=slashdot&amp;utm_medium=googleplus"" onclick=""javascript:window.open(this.href,'', 'menubar=no,toolbar=no,resizable=yes,scrollbars=yes,height=600,width=600');return false;""><img src=""http://www.gstatic.com/images/icons/gplus-16.png"" alt=""Share on Google+""/></a> </div></p><p><a href=""http://it.slashdot.org/story/15/02/18/2346216/jamie-olivers-website-serving-malware?utm_source=rss1.0moreanon&amp;utm_medium=feed"">Read more of this story</a> at Slashdot.</p><iframe src=""http://slashdot.org/slashdot-it.pl?op=discuss&amp;id=6985331&amp;smallembed=1"" style=""height: 300px; width: 100%; border: none;""></iframe><img width='1' height='1' src='http://slashdot.feedsportal.com/c/35028/f/647410/s/438a135c/sc/4/mf.gif' border='0'/><br clear='all'/><br/><br/><a href=""http://da.feedsportal.com/r/218611894961/u/49/f/647410/c/35028/s/438a135c/sc/4/rc/1/rc.htm"" rel=""nofollow""><img src=""http://da.feedsportal.com/r/218611894961/u/49/f/647410/c/35028/s/438a135c/sc/4/rc/1/rc.img"" border=""0""/></a><br/><a href=""http://da.feedsportal.com/r/218611894961/u/49/f/647410/c/35028/s/438a135c/sc/4/rc/2/rc.htm"" rel=""nofollow""><img src=""http://da.feedsportal.com/r/218611894961/u/49/f/647410/c/35028/s/438a135c/sc/4/rc/2/rc.img"" border=""0""/></a><br/><a href=""http://da.feedsportal.com/r/218611894961/u/49/f/647410/c/35028/s/438a135c/sc/4/rc/3/rc.htm"" rel=""nofollow""><img src=""http://da.feedsportal.com/r/218611894961/u/49/f/647410/c/35028/s/438a135c/sc/4/rc/3/rc.img"" border=""0""/></a><br/><br/><a href=""http://da.feedsportal.com/r/218611894961/u/49/f/647410/c/35028/s/438a135c/sc/4/a2.htm""><img src=""http://da.feedsportal.com/r/218611894961/u/49/f/647410/c/35028/s/438a135c/sc/4/a2.img"" border=""0""/></a><img width=""1"" height=""1"" src=""http://pi.feedsportal.com/r/218611894961/u/49/f/647410/c/35028/s/438a135c/sc/4/a2t.img"" border=""0""/><img src=""//feeds.feedburner.com/~r/Slashdot/slashdot/~4/PaIIXbSf6d0"" height=""1"" width=""1"" alt=""""/>"
Jess McDonald: Costs are mounting; no time to waste in climate battle (Duke),http://news.feedzilla.com/en_us/stories/science/421904662?client_source=api&format=json,"

"
"Lenovo Allegedly Installing ""Superfish"" Proxy Adware On New Computers",http://rss.slashdot.org/~r/Slashdot/slashdot/~3/EnwaxbAim_w/story01.htm,"An anonymous reader writes It looks like Lenovo has been installing adware onto new consumer computers from the company that activates when taken out of the box for the first time. The adware, named Superfish, is reportedly installed on a number of Lenovo's consumer laptops out of the box. The software injects third-party ads on Google searches and websites without the user's permission. Another anonymous reader points to this Techspot article, noting that that it doesn't mention the SSL aspect, but this Lenovo Forum Post, with screen caps, is indicating it may be a man-in-the-middle attack to hijack an SSL connection too. It's too early to tell if this is a hoax or not, but there are multiple forum posts about the Superfish bug being installed on new systems. Another good reason to have your own fresh install disk, and to just drop the drivers onto a USB stick. Also at ZDnet.<p><div class=""share_submission"" style=""position:relative;""> <a class=""slashpop"" href=""http://twitter.com/home?status=Lenovo+Allegedly+Installing+%22Superfish%22+Proxy+Adware+On+New+Computers%3A+http%3A%2F%2Fbit.ly%2F17hh4Jo""><img src=""http://a.fsdn.com/sd/twitter_icon_large.png""></a> <a class=""slashpop"" href=""http://www.facebook.com/sharer.php?u=http%3A%2F%2Fyro.slashdot.org%2Fstory%2F15%2F02%2F19%2F1348207%2Flenovo-allegedly-installing-superfish-proxy-adware-on-new-computers%3Futm_source%3Dslashdot%26utm_medium%3Dfacebook""><img src=""http://a.fsdn.com/sd/facebook_icon_large.png""></a> <a class=""nobg"" href=""http://plus.google.com/share?url=http://yro.slashdot.org/story/15/02/19/1348207/lenovo-allegedly-installing-superfish-proxy-adware-on-new-computers?utm_source=slashdot&amp;utm_medium=googleplus"" onclick=""javascript:window.open(this.href,'', 'menubar=no,toolbar=no,resizable=yes,scrollbars=yes,height=600,width=600');return false;""><img src=""http://www.gstatic.com/images/icons/gplus-16.png"" alt=""Share on Google+""/></a> </div></p><p><a href=""http://yro.slashdot.org/story/15/02/19/1348207/lenovo-allegedly-installing-superfish-proxy-adware-on-new-computers?utm_source=rss1.0moreanon&amp;utm_medium=feed"">Read more of this story</a> at Slashdot.</p><iframe src=""http://slashdot.org/slashdot-it.pl?op=discuss&amp;id=6988509&amp;smallembed=1"" style=""height: 300px; width: 100%; border: none;""></iframe><img width='1' height='1' src='http://slashdot.feedsportal.com/c/35028/f/647410/s/438dd57d/sc/4/mf.gif' border='0'/><br clear='all'/><br/><br/><a href=""http://da.feedsportal.com/r/219133259192/u/49/f/647410/c/35028/s/438dd57d/sc/4/rc/1/rc.htm"" rel=""nofollow""><img src=""http://da.feedsportal.com/r/219133259192/u/49/f/647410/c/35028/s/438dd57d/sc/4/rc/1/rc.img"" border=""0""/></a><br/><a href=""http://da.feedsportal.com/r/219133259192/u/49/f/647410/c/35028/s/438dd57d/sc/4/rc/2/rc.htm"" rel=""nofollow""><img src=""http://da.feedsportal.com/r/219133259192/u/49/f/647410/c/35028/s/438dd57d/sc/4/rc/2/rc.img"" border=""0""/></a><br/><a href=""http://da.feedsportal.com/r/219133259192/u/49/f/647410/c/35028/s/438dd57d/sc/4/rc/3/rc.htm"" rel=""nofollow""><img src=""http://da.feedsportal.com/r/219133259192/u/49/f/647410/c/35028/s/438dd57d/sc/4/rc/3/rc.img"" border=""0""/></a><br/><br/><a href=""http://da.feedsportal.com/r/219133259192/u/49/f/647410/c/35028/s/438dd57d/sc/4/a2.htm""><img src=""http://da.feedsportal.com/r/219133259192/u/49/f/647410/c/35028/s/438dd57d/sc/4/a2.img"" border=""0""/></a><img width=""1"" height=""1"" src=""http://pi.feedsportal.com/r/219133259192/u/49/f/647410/c/35028/s/438dd57d/sc/4/a2t.img"" border=""0""/><img src=""//feeds.feedburner.com/~r/Slashdot/slashdot/~4/EnwaxbAim_w"" height=""1"" width=""1"" alt=""""/>"
Lowly Sponges Conceal Astounding Architecture (Scientific American),http://news.feedzilla.com/en_us/stories/science/421921113?client_source=api&format=json,"To look at a rock sponge, which usually has all the visual appeal of a potato,
you would never guess that inside lies the Notre Dame of animal skeletons.


-- Read more on ScientificAmerican.com

"
Nearly 200 pilot whales stranded on New Zealand beach (The Arizona Republic),http://news.feedzilla.com/en_us/stories/science/422007530?client_source=api&format=json,"SYDNEY (AP) -- Nearly 200 pilot whales stranded themselves on New Zealand's
South Island on Friday, with hordes of rescuers rushing to the remote area in
a bid to guide them back to sea....

"
"New Android Trojan Fakes Device Shut Down, Spies On Users",http://rss.slashdot.org/~r/Slashdot/slashdot/~3/kz0XVqwkdHY/story01.htm,"An anonymous reader writes A new Android Trojan that tricks users into believing they have shut their device down while it continues working, and is able to silently make calls, send messages, take photos and perform many other tasks, has been discovered and analyzed by AVG researchers. They dubbed it, and AVG's security solutions detect it as PowerOffHijack.<p><div class=""share_submission"" style=""position:relative;""> <a class=""slashpop"" href=""http://twitter.com/home?status=New+Android+Trojan+Fakes+Device+Shut+Down%2C+Spies+On+Users%3A+http%3A%2F%2Fbit.ly%2F1vjVizW""><img src=""http://a.fsdn.com/sd/twitter_icon_large.png""></a> <a class=""slashpop"" href=""http://www.facebook.com/sharer.php?u=http%3A%2F%2Fmobile.slashdot.org%2Fstory%2F15%2F02%2F19%2F1630252%2Fnew-android-trojan-fakes-device-shut-down-spies-on-users%3Futm_source%3Dslashdot%26utm_medium%3Dfacebook""><img src=""http://a.fsdn.com/sd/facebook_icon_large.png""></a> <a class=""nobg"" href=""http://plus.google.com/share?url=http://mobile.slashdot.org/story/15/02/19/1630252/new-android-trojan-fakes-device-shut-down-spies-on-users?utm_source=slashdot&amp;utm_medium=googleplus"" onclick=""javascript:window.open(this.href,'', 'menubar=no,toolbar=no,resizable=yes,scrollbars=yes,height=600,width=600');return false;""><img src=""http://www.gstatic.com/images/icons/gplus-16.png"" alt=""Share on Google+""/></a> </div></p><p><a href=""http://mobile.slashdot.org/story/15/02/19/1630252/new-android-trojan-fakes-device-shut-down-spies-on-users?utm_source=rss1.0moreanon&amp;utm_medium=feed"">Read more of this story</a> at Slashdot.</p><iframe src=""http://slashdot.org/slashdot-it.pl?op=discuss&amp;id=6988945&amp;smallembed=1"" style=""height: 300px; width: 100%; border: none;""></iframe><img width='1' height='1' src='http://slashdot.feedsportal.com/c/35028/f/647410/s/438f3272/sc/4/mf.gif' border='0'/><br clear='all'/><br/><br/><a href=""http://da.feedsportal.com/r/218611916712/u/49/f/647410/c/35028/s/438f3272/sc/4/rc/1/rc.htm"" rel=""nofollow""><img src=""http://da.feedsportal.com/r/218611916712/u/49/f/647410/c/35028/s/438f3272/sc/4/rc/1/rc.img"" border=""0""/></a><br/><a href=""http://da.feedsportal.com/r/218611916712/u/49/f/647410/c/35028/s/438f3272/sc/4/rc/2/rc.htm"" rel=""nofollow""><img src=""http://da.feedsportal.com/r/218611916712/u/49/f/647410/c/35028/s/438f3272/sc/4/rc/2/rc.img"" border=""0""/></a><br/><a href=""http://da.feedsportal.com/r/218611916712/u/49/f/647410/c/35028/s/438f3272/sc/4/rc/3/rc.htm"" rel=""nofollow""><img src=""http://da.feedsportal.com/r/218611916712/u/49/f/647410/c/35028/s/438f3272/sc/4/rc/3/rc.img"" border=""0""/></a><br/><br/><a href=""http://da.feedsportal.com/r/218611916712/u/49/f/647410/c/35028/s/438f3272/sc/4/a2.htm""><img src=""http://da.feedsportal.com/r/218611916712/u/49/f/647410/c/35028/s/438f3272/sc/4/a2.img"" border=""0""/></a><img width=""1"" height=""1"" src=""http://pi.feedsportal.com/r/218611916712/u/49/f/647410/c/35028/s/438f3272/sc/4/a2t.img"" border=""0""/><img src=""//feeds.feedburner.com/~r/Slashdot/slashdot/~4/kz0XVqwkdHY"" height=""1"" width=""1"" alt=""""/>"
New Particles Found at Large Hadron Collider (Scientific American),http://news.feedzilla.com/en_us/stories/science/421884915?client_source=api&format=json,"Two new ""baryons"" made of three quarks each are an exotic twist on normal
protons and neutrons


-- Read more on ScientificAmerican.com

"
New film footage reveals potential 'killer blow' to King Richard III (Eurekalert),http://news.feedzilla.com/en_us/stories/science/421975020?client_source=api&format=json,"(_University of Leicester_) A University of Leicester video shows injury on
inside of the skull.

"
"Plastic Ocean Waste Levels Going Up, Study Says (NY Times)",http://news.feedzilla.com/en_us/stories/science/421920416?client_source=api&format=json,"The amount of debris is likely to increase tenfold over the next decade unless
nations start disposing of trash responsibly, new research suggests.







"
Quantum-inspired art (Physicsworld),http://news.feedzilla.com/en_us/stories/science/421906762?client_source=api&format=json,"**Robert P Crease** drops in on an exhibition exploring how quantum physics
inspires graphic artists

"
Resistant Bacterial Infection Outbreak At California Hospital,http://rss.slashdot.org/~r/Slashdot/slashdot/~3/lqwOXogX9hM/story01.htm,"puddingebola writes From the article: ""A potentially deadly ""superbug"" resistant to antibiotics has infected seven patients, including two who died, and more than 160 others were exposed at Ronald Reagan UCLA Medical Center through contaminated medical instruments, the hospital revealed. The drug-resistant superbug known as CRE was likely transmitted to the Los Angeles patients by contaminated medical scopes during endoscopic procedures that took place between October 2014 and January 2015, a university statement said. "" UCLA says the infections occurred via contaminated endoscopes that were sterilized according to the manufacturer's specifications. (Note: beware autoplaying video ad; adjust your volume accordingly.)<p><div class=""share_submission"" style=""position:relative;""> <a class=""slashpop"" href=""http://twitter.com/home?status=Resistant+Bacterial+Infection+Outbreak+At+California+Hospital%3A+http%3A%2F%2Fbit.ly%2F1Fyb0uV""><img src=""http://a.fsdn.com/sd/twitter_icon_large.png""></a> <a class=""slashpop"" href=""http://www.facebook.com/sharer.php?u=http%3A%2F%2Fscience.slashdot.org%2Fstory%2F15%2F02%2F19%2F1452223%2Fresistant-bacterial-infection-outbreak-at-california-hospital%3Futm_source%3Dslashdot%26utm_medium%3Dfacebook""><img src=""http://a.fsdn.com/sd/facebook_icon_large.png""></a> <a class=""nobg"" href=""http://plus.google.com/share?url=http://science.slashdot.org/story/15/02/19/1452223/resistant-bacterial-infection-outbreak-at-california-hospital?utm_source=slashdot&amp;utm_medium=googleplus"" onclick=""javascript:window.open(this.href,'', 'menubar=no,toolbar=no,resizable=yes,scrollbars=yes,height=600,width=600');return false;""><img src=""http://www.gstatic.com/images/icons/gplus-16.png"" alt=""Share on Google+""/></a> </div></p><p><a href=""http://science.slashdot.org/story/15/02/19/1452223/resistant-bacterial-infection-outbreak-at-california-hospital?utm_source=rss1.0moreanon&amp;utm_medium=feed"">Read more of this story</a> at Slashdot.</p><iframe src=""http://slashdot.org/slashdot-it.pl?op=discuss&amp;id=6988699&amp;smallembed=1"" style=""height: 300px; width: 100%; border: none;""></iframe><img width='1' height='1' src='http://slashdot.feedsportal.com/c/35028/f/647410/s/438f2edf/sc/29/mf.gif' border='0'/><br clear='all'/><br/><br/><a href=""http://da.feedsportal.com/r/218611916239/u/49/f/647410/c/35028/s/438f2edf/sc/29/rc/1/rc.htm"" rel=""nofollow""><img src=""http://da.feedsportal.com/r/218611916239/u/49/f/647410/c/35028/s/438f2edf/sc/29/rc/1/rc.img"" border=""0""/></a><br/><a href=""http://da.feedsportal.com/r/218611916239/u/49/f/647410/c/35028/s/438f2edf/sc/29/rc/2/rc.htm"" rel=""nofollow""><img src=""http://da.feedsportal.com/r/218611916239/u/49/f/647410/c/35028/s/438f2edf/sc/29/rc/2/rc.img"" border=""0""/></a><br/><a href=""http://da.feedsportal.com/r/218611916239/u/49/f/647410/c/35028/s/438f2edf/sc/29/rc/3/rc.htm"" rel=""nofollow""><img src=""http://da.feedsportal.com/r/218611916239/u/49/f/647410/c/35028/s/438f2edf/sc/29/rc/3/rc.img"" border=""0""/></a><br/><br/><a href=""http://da.feedsportal.com/r/218611916239/u/49/f/647410/c/35028/s/438f2edf/sc/29/a2.htm""><img src=""http://da.feedsportal.com/r/218611916239/u/49/f/647410/c/35028/s/438f2edf/sc/29/a2.img"" border=""0""/></a><img width=""1"" height=""1"" src=""http://pi.feedsportal.com/r/218611916239/u/49/f/647410/c/35028/s/438f2edf/sc/29/a2t.img"" border=""0""/><img src=""//feeds.feedburner.com/~r/Slashdot/slashdot/~4/lqwOXogX9hM"" height=""1"" width=""1"" alt=""""/>"
Rough Seas Scuttle SpaceX Plans for Rocket Fly Back (Scientific American),http://news.feedzilla.com/en_us/stories/science/421921115?client_source=api&format=json,"The company had hoped to land the first stage of its Falcon 9 rocket on a
robotic barge as part of its effort to develop fully reusable rockets


-- Read more on ScientificAmerican.com

"
Rutgers-led team makes stride in explaining 30-year-old 'hidden order' physics mystery (Eurekalert),http://news.feedzilla.com/en_us/stories/science/421919279?client_source=api&format=json,"A new explanation for a type of order, or symmetry, in an exotic material made
with uranium is a major step toward explaining a puzzle that physicists
worldwide have been struggling with for 30 years. This 'hidden order' appears
as a subtle change in the material's electrical and magnetic properties when
the material is cooled to 17.5 degrees above absolute zero or lower -- a bone-
chilling minus 428 degrees Fahrenheit.

"
Samsung Smart TVs Don't Encrypt the Voice Data They Collect,http://rss.slashdot.org/~r/Slashdot/slashdot/~3/Im-R3GnqIB8/story01.htm,"itwbennett writes A week ago, the revelation that Samsung collects words spoken by consumers when they use the voice recognition feature in their smart TVs enraged privacy advocates, since according to Samsung's own privacy policy those words can in some cases include personal or sensitive information. Following the incident, David Lodge, a researcher with a U.K.-based security firm called Pen Test Partners, intercepted and analyzed the Internet traffic generated by a Samsung smart TV and found that Samsung does send captured voice data to a remote server using a connection on port 443, a port typically associated with encrypted HTTPS, but that the data was not encrypted. ""It's not even HTTP data, it's a mix of XML and some custom binary data packet,"" said Lodge in a blog post.<p><div class=""share_submission"" style=""position:relative;""> <a class=""slashpop"" href=""http://twitter.com/home?status=Samsung+Smart+TVs+Don't+Encrypt+the+Voice+Data+They+Collect%3A+http%3A%2F%2Fbit.ly%2F1vIH4Dt""><img src=""http://a.fsdn.com/sd/twitter_icon_large.png""></a> <a class=""slashpop"" href=""http://www.facebook.com/sharer.php?u=http%3A%2F%2Fit.slashdot.org%2Fstory%2F15%2F02%2F19%2F0120228%2Fsamsung-smart-tvs-dont-encrypt-the-voice-data-they-collect%3Futm_source%3Dslashdot%26utm_medium%3Dfacebook""><img src=""http://a.fsdn.com/sd/facebook_icon_large.png""></a> <a class=""nobg"" href=""http://plus.google.com/share?url=http://it.slashdot.org/story/15/02/19/0120228/samsung-smart-tvs-dont-encrypt-the-voice-data-they-collect?utm_source=slashdot&amp;utm_medium=googleplus"" onclick=""javascript:window.open(this.href,'', 'menubar=no,toolbar=no,resizable=yes,scrollbars=yes,height=600,width=600');return false;""><img src=""http://www.gstatic.com/images/icons/gplus-16.png"" alt=""Share on Google+""/></a> </div></p><p><a href=""http://it.slashdot.org/story/15/02/19/0120228/samsung-smart-tvs-dont-encrypt-the-voice-data-they-collect?utm_source=rss1.0moreanon&amp;utm_medium=feed"">Read more of this story</a> at Slashdot.</p><iframe src=""http://slashdot.org/slashdot-it.pl?op=discuss&amp;id=6985447&amp;smallembed=1"" style=""height: 300px; width: 100%; border: none;""></iframe><img width='1' height='1' src='http://slashdot.feedsportal.com/c/35028/f/647410/s/438abbe0/sc/46/mf.gif' border='0'/><br clear='all'/><br/><br/><a href=""http://da.feedsportal.com/r/218612015741/u/49/f/647410/c/35028/s/438abbe0/sc/46/rc/1/rc.htm"" rel=""nofollow""><img src=""http://da.feedsportal.com/r/218612015741/u/49/f/647410/c/35028/s/438abbe0/sc/46/rc/1/rc.img"" border=""0""/></a><br/><a href=""http://da.feedsportal.com/r/218612015741/u/49/f/647410/c/35028/s/438abbe0/sc/46/rc/2/rc.htm"" rel=""nofollow""><img src=""http://da.feedsportal.com/r/218612015741/u/49/f/647410/c/35028/s/438abbe0/sc/46/rc/2/rc.img"" border=""0""/></a><br/><a href=""http://da.feedsportal.com/r/218612015741/u/49/f/647410/c/35028/s/438abbe0/sc/46/rc/3/rc.htm"" rel=""nofollow""><img src=""http://da.feedsportal.com/r/218612015741/u/49/f/647410/c/35028/s/438abbe0/sc/46/rc/3/rc.img"" border=""0""/></a><br/><br/><a href=""http://da.feedsportal.com/r/218612015741/u/49/f/647410/c/35028/s/438abbe0/sc/46/a2.htm""><img src=""http://da.feedsportal.com/r/218612015741/u/49/f/647410/c/35028/s/438abbe0/sc/46/a2.img"" border=""0""/></a><img width=""1"" height=""1"" src=""http://pi.feedsportal.com/r/218612015741/u/49/f/647410/c/35028/s/438abbe0/sc/46/a2t.img"" border=""0""/><img src=""//feeds.feedburner.com/~r/Slashdot/slashdot/~4/Im-R3GnqIB8"" height=""1"" width=""1"" alt=""""/>"
Samsung's Portable SSD T1 Tested,http://rss.slashdot.org/~r/Slashdot/slashdot/~3/avXYzCv45ac/story01.htm,"MojoKid writes The bulk of today's high-capacity external storage devices still rely on mechanical hard disk drives with spinning media and other delicate parts. Solid state drives are much faster and less susceptible to damage from vibration, of course. That being the case, Samsung saw an opportunity to capitalize on a market segment that hasn't seen enough development it seems--external SSDs. There are already external storage devices that use full-sized SSDs, but Samsung's new Portable SSD T1 is more akin to a thumb drive, only a little wider and typically much faster. Utilizing Samsung's 3D Vertical NAND (V-NAND) technology and a SuperSpeed USB 3.0 interface, the Portable SSD T1 redlines at up to 450MB/s when reading or writing data sequentially, claims Samsung. For random read and write activities, Samsung rates the drive at up to 8,000 IOPS and 21,000 IOPS, respectively. Pricing is more in-line with high-performance standalone SSDs, with this 1TB model reviewed here arriving at about $579. In testing, the drive did live up to its performance and bandwidth claims as well.<p><div class=""share_submission"" style=""position:relative;""> <a class=""slashpop"" href=""http://twitter.com/home?status=Samsung's+Portable+SSD+T1+Tested%3A+http%3A%2F%2Fbit.ly%2F1zoDznq""><img src=""http://a.fsdn.com/sd/twitter_icon_large.png""></a> <a class=""slashpop"" href=""http://www.facebook.com/sharer.php?u=http%3A%2F%2Fhardware.slashdot.org%2Fstory%2F15%2F02%2F18%2F2031240%2Fsamsungs-portable-ssd-t1-tested%3Futm_source%3Dslashdot%26utm_medium%3Dfacebook""><img src=""http://a.fsdn.com/sd/facebook_icon_large.png""></a> <a class=""nobg"" href=""http://plus.google.com/share?url=http://hardware.slashdot.org/story/15/02/18/2031240/samsungs-portable-ssd-t1-tested?utm_source=slashdot&amp;utm_medium=googleplus"" onclick=""javascript:window.open(this.href,'', 'menubar=no,toolbar=no,resizable=yes,scrollbars=yes,height=600,width=600');return false;""><img src=""http://www.gstatic.com/images/icons/gplus-16.png"" alt=""Share on Google+""/></a> </div></p><p><a href=""http://hardware.slashdot.org/story/15/02/18/2031240/samsungs-portable-ssd-t1-tested?utm_source=rss1.0moreanon&amp;utm_medium=feed"">Read more of this story</a> at Slashdot.</p><iframe src=""http://slashdot.org/slashdot-it.pl?op=discuss&amp;id=6984997&amp;smallembed=1"" style=""height: 300px; width: 100%; border: none;""></iframe><img width='1' height='1' src='http://slashdot.feedsportal.com/c/35028/f/647410/s/4389003e/sc/15/mf.gif' border='0'/><br clear='all'/><br/><br/><a href=""http://da.feedsportal.com/r/218611889829/u/49/f/647410/c/35028/s/4389003e/sc/15/rc/1/rc.htm"" rel=""nofollow""><img src=""http://da.feedsportal.com/r/218611889829/u/49/f/647410/c/35028/s/4389003e/sc/15/rc/1/rc.img"" border=""0""/></a><br/><a href=""http://da.feedsportal.com/r/218611889829/u/49/f/647410/c/35028/s/4389003e/sc/15/rc/2/rc.htm"" rel=""nofollow""><img src=""http://da.feedsportal.com/r/218611889829/u/49/f/647410/c/35028/s/4389003e/sc/15/rc/2/rc.img"" border=""0""/></a><br/><a href=""http://da.feedsportal.com/r/218611889829/u/49/f/647410/c/35028/s/4389003e/sc/15/rc/3/rc.htm"" rel=""nofollow""><img src=""http://da.feedsportal.com/r/218611889829/u/49/f/647410/c/35028/s/4389003e/sc/15/rc/3/rc.img"" border=""0""/></a><br/><br/><a href=""http://da.feedsportal.com/r/218611889829/u/49/f/647410/c/35028/s/4389003e/sc/15/a2.htm""><img src=""http://da.feedsportal.com/r/218611889829/u/49/f/647410/c/35028/s/4389003e/sc/15/a2.img"" border=""0""/></a><img width=""1"" height=""1"" src=""http://pi.feedsportal.com/r/218611889829/u/49/f/647410/c/35028/s/4389003e/sc/15/a2t.img"" border=""0""/><img src=""//feeds.feedburner.com/~r/Slashdot/slashdot/~4/avXYzCv45ac"" height=""1"" width=""1"" alt=""""/>"
"Superfish Security Certificate Password Cracked, Creating New Attack Vector",http://rss.slashdot.org/~r/Slashdot/slashdot/~3/pJ45rAD97XU/story01.htm,"In a followup to today's news about junk software included with Lenovo computers, an anonymous reader writes Robert Graham at Errata Security has published an article announcing his success in extracting the SuperFish self-signed security certificate from the adware which has caused Chinese computer manufacturer Lenovo such embarrassment in the last day. Since SuperFish is already capable of carrying out man-in-the-middle attacks over secure connections on the Lenovo machines which use the certificate, the disclosure of the certificate's password presents hackers with a 'a pre-installed hacking environment' which would be difficult to arrange by other means. The password, ""komodia,"" is also the name of the Komodia Redirector framework, which allows its clients to manipulate TCP/IP network sessions ""with a few simple clicks.""<p><div class=""share_submission"" style=""position:relative;""> <a class=""slashpop"" href=""http://twitter.com/home?status=Superfish+Security+Certificate+Password+Cracked%2C+Creating+New+Attack+Vector%3A+http%3A%2F%2Fbit.ly%2F1MBoWWP""><img src=""http://a.fsdn.com/sd/twitter_icon_large.png""></a> <a class=""slashpop"" href=""http://www.facebook.com/sharer.php?u=http%3A%2F%2Fit.slashdot.org%2Fstory%2F15%2F02%2F19%2F1924207%2Fsuperfish-security-certificate-password-cracked-creating-new-attack-vector%3Futm_source%3Dslashdot%26utm_medium%3Dfacebook""><img src=""http://a.fsdn.com/sd/facebook_icon_large.png""></a> <a class=""nobg"" href=""http://plus.google.com/share?url=http://it.slashdot.org/story/15/02/19/1924207/superfish-security-certificate-password-cracked-creating-new-attack-vector?utm_source=slashdot&amp;utm_medium=googleplus"" onclick=""javascript:window.open(this.href,'', 'menubar=no,toolbar=no,resizable=yes,scrollbars=yes,height=600,width=600');return false;""><img src=""http://www.gstatic.com/images/icons/gplus-16.png"" alt=""Share on Google+""/></a> </div></p><p><a href=""http://it.slashdot.org/story/15/02/19/1924207/superfish-security-certificate-password-cracked-creating-new-attack-vector?utm_source=rss1.0moreanon&amp;utm_medium=feed"">Read more of this story</a> at Slashdot.</p><iframe src=""http://slashdot.org/slashdot-it.pl?op=discuss&amp;id=6989389&amp;smallembed=1"" style=""height: 300px; width: 100%; border: none;""></iframe><img width='1' height='1' src='http://slashdot.feedsportal.com/c/35028/f/647410/s/43909471/sc/21/mf.gif' border='0'/><br clear='all'/><br/><br/><a href=""http://da.feedsportal.com/r/218611922120/u/49/f/647410/c/35028/s/43909471/sc/21/rc/1/rc.htm"" rel=""nofollow""><img src=""http://da.feedsportal.com/r/218611922120/u/49/f/647410/c/35028/s/43909471/sc/21/rc/1/rc.img"" border=""0""/></a><br/><a href=""http://da.feedsportal.com/r/218611922120/u/49/f/647410/c/35028/s/43909471/sc/21/rc/2/rc.htm"" rel=""nofollow""><img src=""http://da.feedsportal.com/r/218611922120/u/49/f/647410/c/35028/s/43909471/sc/21/rc/2/rc.img"" border=""0""/></a><br/><a href=""http://da.feedsportal.com/r/218611922120/u/49/f/647410/c/35028/s/43909471/sc/21/rc/3/rc.htm"" rel=""nofollow""><img src=""http://da.feedsportal.com/r/218611922120/u/49/f/647410/c/35028/s/43909471/sc/21/rc/3/rc.img"" border=""0""/></a><br/><br/><a href=""http://da.feedsportal.com/r/218611922120/u/49/f/647410/c/35028/s/43909471/sc/21/a2.htm""><img src=""http://da.feedsportal.com/r/218611922120/u/49/f/647410/c/35028/s/43909471/sc/21/a2.img"" border=""0""/></a><img width=""1"" height=""1"" src=""http://pi.feedsportal.com/r/218611922120/u/49/f/647410/c/35028/s/43909471/sc/21/a2t.img"" border=""0""/><img src=""//feeds.feedburner.com/~r/Slashdot/slashdot/~4/pJ45rAD97XU"" height=""1"" width=""1"" alt=""""/>"
Sweet Science: Dancing Conversation Hearts (Scientific American),http://news.feedzilla.com/en_us/stories/science/421949496?client_source=api&format=json,"A Valentine's Day chemistry challenge from Science Buddies


-- Read more on ScientificAmerican.com

"
The Disastrous Privacy Consequences of Canada's Anti-Terrorism Bill,http://rss.slashdot.org/~r/Slashdot/slashdot/~3/EAeFAGKplWY/story01.htm,"An anonymous reader writes ""Canada's proposed anti-terrorism legislation is currently being debated in the House of Commons, with the government already serving notice that it plans to limit debate. Michael Geist argues that decision has enormous privacy consequences, since the bill effectively creates a ""total information awareness"" approach that represents a radical shift away from our traditional understanding of public sector privacy protection. The bill permits information sharing across government for an incredibly wide range of purposes, most of which have nothing to do with terrorism and opens the door to further disclosure ""to any person, for any purpose."" The cumulative effect is to grant government near-total power to share information for purposes that extend far beyond terrorism with few safeguards or privacy protections.""<p><div class=""share_submission"" style=""position:relative;""> <a class=""slashpop"" href=""http://twitter.com/home?status=The+Disastrous+Privacy+Consequences+of+Canada's+Anti-Terrorism+Bill%3A+http%3A%2F%2Fbit.ly%2F1LhwGMe""><img src=""http://a.fsdn.com/sd/twitter_icon_large.png""></a> <a class=""slashpop"" href=""http://www.facebook.com/sharer.php?u=http%3A%2F%2Fyro.slashdot.org%2Fstory%2F15%2F02%2F19%2F1633223%2Fthe-disastrous-privacy-consequences-of-canadas-anti-terrorism-bill%3Futm_source%3Dslashdot%26utm_medium%3Dfacebook""><img src=""http://a.fsdn.com/sd/facebook_icon_large.png""></a> <a class=""nobg"" href=""http://plus.google.com/share?url=http://yro.slashdot.org/story/15/02/19/1633223/the-disastrous-privacy-consequences-of-canadas-anti-terrorism-bill?utm_source=slashdot&amp;utm_medium=googleplus"" onclick=""javascript:window.open(this.href,'', 'menubar=no,toolbar=no,resizable=yes,scrollbars=yes,height=600,width=600');return false;""><img src=""http://www.gstatic.com/images/icons/gplus-16.png"" alt=""Share on Google+""/></a> </div></p><p><a href=""http://yro.slashdot.org/story/15/02/19/1633223/the-disastrous-privacy-consequences-of-canadas-anti-terrorism-bill?utm_source=rss1.0moreanon&amp;utm_medium=feed"">Read more of this story</a> at Slashdot.</p><iframe src=""http://slashdot.org/slashdot-it.pl?op=discuss&amp;id=6988965&amp;smallembed=1"" style=""height: 300px; width: 100%; border: none;""></iframe><img width='1' height='1' src='http://slashdot.feedsportal.com/c/35028/f/647410/s/438f9568/sc/1/mf.gif' border='0'/><br clear='all'/><br/><br/><a href=""http://da.feedsportal.com/r/218612035769/u/49/f/647410/c/35028/s/438f9568/sc/1/rc/1/rc.htm"" rel=""nofollow""><img src=""http://da.feedsportal.com/r/218612035769/u/49/f/647410/c/35028/s/438f9568/sc/1/rc/1/rc.img"" border=""0""/></a><br/><a href=""http://da.feedsportal.com/r/218612035769/u/49/f/647410/c/35028/s/438f9568/sc/1/rc/2/rc.htm"" rel=""nofollow""><img src=""http://da.feedsportal.com/r/218612035769/u/49/f/647410/c/35028/s/438f9568/sc/1/rc/2/rc.img"" border=""0""/></a><br/><a href=""http://da.feedsportal.com/r/218612035769/u/49/f/647410/c/35028/s/438f9568/sc/1/rc/3/rc.htm"" rel=""nofollow""><img src=""http://da.feedsportal.com/r/218612035769/u/49/f/647410/c/35028/s/438f9568/sc/1/rc/3/rc.img"" border=""0""/></a><br/><br/><a href=""http://da.feedsportal.com/r/218612035769/u/49/f/647410/c/35028/s/438f9568/sc/1/a2.htm""><img src=""http://da.feedsportal.com/r/218612035769/u/49/f/647410/c/35028/s/438f9568/sc/1/a2.img"" border=""0""/></a><img width=""1"" height=""1"" src=""http://pi.feedsportal.com/r/218612035769/u/49/f/647410/c/35028/s/438f9568/sc/1/a2t.img"" border=""0""/><img src=""//feeds.feedburner.com/~r/Slashdot/slashdot/~4/EAeFAGKplWY"" height=""1"" width=""1"" alt=""""/>"
The Most Unique Rocket Launch You’ll Ever See (Universe Today),http://news.feedzilla.com/en_us/stories/science/421899972?client_source=api&format=json,"Have you ever heard of a girandola? I had not until we came across this video
-- which is pretty incredible! This might be one of the most unique things
I've ever seen. (...)Read the rest of The Most Unique Rocket Launch You'll
Ever See (114 words) © nancy for Universe Today, 2015. | Permalink […]

"
Will Every Xbox Be a Dev Kit?,http://rss.slashdot.org/~r/Slashdot/slashdot/~3/o3YAz55WvV8/story01.htm,"jfruh writes There were a lot of rumored features of the Xbox One that vanished after public outcry &mdash; that it would need an always-on Internet connection, for instance. But another rumor from that era was that every Xbox One sold would include a dev kit that would allow anyone to create games &mdash; and it looks like this is one dream that might be coming true soon.<p><div class=""share_submission"" style=""position:relative;""> <a class=""slashpop"" href=""http://twitter.com/home?status=Will+Every+Xbox+Be+a+Dev+Kit%3F%3A+http%3A%2F%2Fbit.ly%2F17sRst3""><img src=""http://a.fsdn.com/sd/twitter_icon_large.png""></a> <a class=""slashpop"" href=""http://www.facebook.com/sharer.php?u=http%3A%2F%2Fgames.slashdot.org%2Fstory%2F15%2F02%2F18%2F2342237%2Fwill-every-xbox-be-a-dev-kit%3Futm_source%3Dslashdot%26utm_medium%3Dfacebook""><img src=""http://a.fsdn.com/sd/facebook_icon_large.png""></a> <a class=""nobg"" href=""http://plus.google.com/share?url=http://games.slashdot.org/story/15/02/18/2342237/will-every-xbox-be-a-dev-kit?utm_source=slashdot&amp;utm_medium=googleplus"" onclick=""javascript:window.open(this.href,'', 'menubar=no,toolbar=no,resizable=yes,scrollbars=yes,height=600,width=600');return false;""><img src=""http://www.gstatic.com/images/icons/gplus-16.png"" alt=""Share on Google+""/></a> </div></p><p><a href=""http://games.slashdot.org/story/15/02/18/2342237/will-every-xbox-be-a-dev-kit?utm_source=rss1.0moreanon&amp;utm_medium=feed"">Read more of this story</a> at Slashdot.</p><iframe src=""http://slashdot.org/slashdot-it.pl?op=discuss&amp;id=6985329&amp;smallembed=1"" style=""height: 300px; width: 100%; border: none;""></iframe><img width='1' height='1' src='http://slashdot.feedsportal.com/c/35028/f/647410/s/438990d5/sc/4/mf.gif' border='0'/><br clear='all'/><br/><br/><a href=""http://da.feedsportal.com/r/218611893297/u/49/f/647410/c/35028/s/438990d5/sc/4/rc/1/rc.htm"" rel=""nofollow""><img src=""http://da.feedsportal.com/r/218611893297/u/49/f/647410/c/35028/s/438990d5/sc/4/rc/1/rc.img"" border=""0""/></a><br/><a href=""http://da.feedsportal.com/r/218611893297/u/49/f/647410/c/35028/s/438990d5/sc/4/rc/2/rc.htm"" rel=""nofollow""><img src=""http://da.feedsportal.com/r/218611893297/u/49/f/647410/c/35028/s/438990d5/sc/4/rc/2/rc.img"" border=""0""/></a><br/><a href=""http://da.feedsportal.com/r/218611893297/u/49/f/647410/c/35028/s/438990d5/sc/4/rc/3/rc.htm"" rel=""nofollow""><img src=""http://da.feedsportal.com/r/218611893297/u/49/f/647410/c/35028/s/438990d5/sc/4/rc/3/rc.img"" border=""0""/></a><br/><br/><a href=""http://da.feedsportal.com/r/218611893297/u/49/f/647410/c/35028/s/438990d5/sc/4/a2.htm""><img src=""http://da.feedsportal.com/r/218611893297/u/49/f/647410/c/35028/s/438990d5/sc/4/a2.img"" border=""0""/></a><img width=""1"" height=""1"" src=""http://pi.feedsportal.com/r/218611893297/u/49/f/647410/c/35028/s/438990d5/sc/4/a2t.img"" border=""0""/><img src=""//feeds.feedburner.com/~r/Slashdot/slashdot/~4/o3YAz55WvV8"" height=""1"" width=""1"" alt=""""/>"
